5f892400948be104b0830fdf,664e4162e53e1e7c3e8c5cec
662a9e75d2a9173d53c01b9f,662a9e75d2a9173d53c01b9f
662a9e7ad2a9173d53c01ba4,662a9e7ad2a9173d53c01ba4
662a9e7bd2a9173d53c01ba5,662a9e7bd2a9173d53c01ba5
662a9e73d2a9173d53c01b9d,662a9e73d2a9173d53c01b9d
662a9e78d2a9173d53c01ba2,662a9e74d2a9173d53c01b9e
662a9e74d2a9173d53c01b9e,662a9e83d2a9173d53c01bad
662a9e83d2a9173d53c01bad,662a9e89d2a9173d53c01bb3
662a9e8ad2a9173d53c01bb4,662a9e85d2a9173d53c01baf
662a9e89d2a9173d53c01bb3,662a9e7cd2a9173d53c01ba6
662a9e85d2a9173d53c01baf,662a9e8ad2a9173d53c01bb4
662a9e87d2a9173d53c01bb1,662a9e87d2a9173d53c01bb1
662a9e84d2a9173d53c01bae,662a9e81d2a9173d53c01bab
662a9e81d2a9173d53c01bab,662a9e84d2a9173d53c01bae
662a9e76d2a9173d53c01ba0,662a9e76d2a9173d53c01ba0
662a9e82d2a9173d53c01bac,662a9e82d2a9173d53c01bac
662a9e77d2a9173d53c01ba1,662a9e7dd2a9173d53c01ba7
662a9e8bd2a9173d53c01bb5,662a9e7ed2a9173d53c01ba8
662a9e88d2a9173d53c01bb2,662a9e88d2a9173d53c01bb2
662a9e79d2a9173d53c01ba3,662a9e8bd2a9173d53c01bb5
662a9e7fd2a9173d53c01ba9,662a9e79d2a9173d53c01ba3
662a9e80d2a9173d53c01baa,662a9e80d2a9173d53c01baa
662a9e7cd2a9173d53c01ba6,662a9e7fd2a9173d53c01ba9
662a9e7ed2a9173d53c01ba8,662a9e77d2a9173d53c01ba1
662a9e7dd2a9173d53c01ba7,662a9e78d2a9173d53c01ba2
662a9e86d2a9173d53c01bb0,662a9e86d2a9173d53c01bb0
